{"filename":"D:\\bootcamp\\gonode\\aulas\\modulo2\\tmp\\sessions\\sessions.json","collections":[{"name":"Sessions","data":[{"sid":"3PEUtXwv6XwhZvVFnqviDXBjhPD-OReA","content":{"cookie":{"originalMaxAge":null,"expires":null,"httpOnly":true,"path":"/"},"flash":{},"user":{"id":5,"name":"Comercial","email":"max@deltasge.com.br","avatar":"teste.jpg","password_hash":"$2a$08$mBuOEbwrGm.YIJJOPgVp/uOvz7pDH0F5sDg0ggWdQitON99WYQ6.K","provider":false,"created_at":"2019-02-20T20:26:13.606Z","updated_at":"2019-02-20T20:26:13.606Z"}},"updatedAt":"2019-02-21T19:59:36.913Z","meta":{"revision":6,"created":1550779165296,"version":0,"updated":1550779176913},"$loki":11},{"sid":"hFRmyvn343zJ9WeYLy3zQRxYggpDtax-","content":{"cookie":{"originalMaxAge":null,"expires":null,"httpOnly":true,"path":"/"},"flash":{}},"updatedAt":"2019-02-21T20:09:29.700Z","meta":{"revision":2,"created":1550779769638,"version":0,"updated":1550779769700},"$loki":15},{"sid":"Qy1f8-5IE68NfpX1xoGx7Uc9yuqXKW5U","content":{"cookie":{"originalMaxAge":null,"expires":null,"httpOnly":true,"path":"/"},"flash":{}},"updatedAt":"2019-02-21T20:17:19.056Z","meta":{"revision":2,"created":1550780238958,"version":0,"updated":1550780239056},"$loki":20},{"sid":"hZduHPgZwR8ail0ScyW3ns9Wqtj1vCQA","content":{"cookie":{"originalMaxAge":null,"expires":null,"httpOnly":true,"path":"/"},"flash":{}},"updatedAt":"2019-02-21T20:19:45.955Z","meta":{"revision":2,"created":1550780385903,"version":0,"updated":1550780385955},"$loki":22},{"sid":"6AhH2egVDkgZSnmR_VGOqntRMnfLPppv","content":{"cookie":{"originalMaxAge":null,"expires":null,"httpOnly":true,"path":"/"},"flash":{}},"updatedAt":"2019-02-21T20:26:49.790Z","meta":{"revision":2,"created":1550780809752,"version":0,"updated":1550780809790},"$loki":32},{"sid":"VJnWAUZxe_kkqpX4fhNZW9JiBeXhOcFy","content":{"cookie":{"originalMaxAge":null,"expires":null,"httpOnly":true,"path":"/"},"flash":{}},"updatedAt":"2019-02-21T20:27:14.984Z","meta":{"revision":2,"created":1550780834948,"version":0,"updated":1550780834984},"$loki":34},{"sid":"9LoPNW08jVeV3doNny8Fn8wmc_4hfBHK","content":{"cookie":{"originalMaxAge":null,"expires":null,"httpOnly":true,"path":"/"},"flash":{}},"updatedAt":"2019-02-21T20:34:10.140Z","meta":{"revision":2,"created":1550781250095,"version":0,"updated":1550781250140},"$loki":39},{"sid":"Dn4pGSo_tK3LtiacRKAk9PgjW8InbiED","content":{"cookie":{"originalMaxAge":null,"expires":null,"httpOnly":true,"path":"/"},"flash":{}},"updatedAt":"2019-02-21T20:34:38.807Z","meta":{"revision":2,"created":1550781278711,"version":0,"updated":1550781278807},"$loki":41},{"sid":"ESVWBObXiwkWL21wDuqLPbwFW-4E0mOs","content":{"cookie":{"originalMaxAge":null,"expires":null,"httpOnly":true,"path":"/"},"flash":{}},"updatedAt":"2019-02-21T20:35:54.727Z","meta":{"revision":2,"created":1550781354702,"version":0,"updated":1550781354727},"$loki":43},{"sid":"ghs2OqliozIEX4bprtcNRszQao85caPz","content":{"cookie":{"originalMaxAge":null,"expires":null,"httpOnly":true,"path":"/"},"flash":{},"user":{"id":3,"name":"teste","email":"henriqueberaldo11@gmail.com","avatar":"teste.jpg","password_hash":"$2a$08$.zN1V9vIYhaCtrUdUxVxn.ig8Bfmo.m6eUSyW3aPHUHXNy0V5HWYO","provider":true,"created_at":"2019-02-20T20:20:31.683Z","updated_at":"2019-02-20T20:20:31.683Z"}},"updatedAt":"2019-02-21T20:37:23.776Z","meta":{"revision":5,"created":1550781438851,"version":0,"updated":1550781443777},"$loki":48},{"sid":"TnaoAFNWTqjNL0z729V8mstkRR4q4GxE","content":{"cookie":{"originalMaxAge":null,"expires":null,"httpOnly":true,"path":"/"},"flash":{}},"updatedAt":"2019-02-21T20:40:09.915Z","meta":{"revision":2,"created":1550781609869,"version":0,"updated":1550781609915},"$loki":52},{"sid":"WdUWfeK2mZf4ETUZYKD10MMbsiKUvn2n","content":{"cookie":{"originalMaxAge":null,"expires":null,"httpOnly":true,"path":"/"},"flash":{}},"updatedAt":"2019-02-21T20:56:36.111Z","meta":{"revision":2,"created":1550782596089,"version":0,"updated":1550782596111},"$loki":59}],"idIndex":[11,15,20,22,32,34,39,41,43,48,52,59],"binaryIndices":{"sid":{"name":"sid","dirty":false,"values":[0,4,6,7,8,2,10,5,11,9,1,3]}},"constraints":null,"uniqueNames":[],"transforms":{},"objType":"Sessions","dirty":false,"cachedIndex":null,"cachedBinaryIndex":null,"cachedData":null,"adaptiveBinaryIndices":true,"transactional":false,"cloneObjects":false,"cloneMethod":"parse-stringify","asyncListeners":false,"disableMeta":false,"disableChangesApi":true,"disableDeltaChangesApi":true,"autoupdate":false,"serializableIndices":true,"ttl":null,"maxId":59,"DynamicViews":[],"events":{"insert":[],"update":[],"pre-insert":[],"pre-update":[],"close":[],"flushbuffer":[],"error":[null],"delete":[null],"warning":[null]},"changes":[]}],"databaseVersion":1.5,"engineVersion":1.5,"autosave":true,"autosaveInterval":5000,"autosaveHandle":null,"throttledSaves":true,"options":{"env":"NODEJS","autosave":true,"autosaveInterval":5000,"serializationMethod":"normal","destructureDelimiter":"$<\n"},"persistenceMethod":"fs","persistenceAdapter":null,"verbose":false,"events":{"init":[null],"loaded":[],"flushChanges":[],"close":[],"changes":[],"warning":[]},"ENV":"NODEJS"}